url,name,img,name_short,email,city,party,type_nominal,type,circunscription,comission,comity,official_charge,name,comision_charge
"https://diputados.gob.bo/diputados/adan-palacios-puma","Adán Palacios Puma","https://diputados.gob.bo/wp-content/uploads/2022/01/07-Adan-Palacios-Puma-CHUQUISACA-1-e1724948492330.jpg","Adán Palacios Puma","adan.palacios@diputados.bo","Chuquisaca","MAS IPSP (Movimiento Al Socialismo)","Uninominal","Titular","C-5","Comisión de Planificación, Política Económica y Finanzas","Comité de Planificación e Inversión Pública","","adan-palacios-puma","Vocal"
"https://diputados.gob.bo/diputados/adriana-tarifa-condori","Adriana Tarifa Condori","https://diputados.gob.bo/wp-content/uploads/2022/01/97-Adriana-Tarifa-Condori-POTOSI-2-e1724966626796.jpg","Adriana Tarifa Condori","adriana.tarifa@diputados.bo","Potosí","MAS IPSP (Movimiento Al Socialismo)","Uninominal","Titular","C-36","Comisión de Organización Territorial del Estado y Autonomías","Comité de Autonomías Municipales y Regionales","","adriana-tarifa-condori","Secretaria"
"https://diputados.gob.bo/diputados/alba-moira-osinaga-rivero","Alba Moira Osinaga Rivero","https://diputados.gob.bo/wp-content/uploads/2022/01/78-Alba-Moira-Osinaga-Rivero-SANTA-CRUZ-2-e1724965456691.jpg","Alba Moira Osinaga Rivero","alba.osinaga@diputados.bo","Santa Cruz","CREEMOS","Uninominal","Titular","C-46","Comisión de Economía Plural, Producción e Industria","Comité de Agricultura y Ganadería","","alba-moira-osinaga-rivero","Vocal"
"https://diputados.gob.bo/diputados/alberto-vladimir-astorga-torrez","Alberto Vladimir Astorga Torrez","https://diputados.gob.bo/wp-content/uploads/2022/01/15-Alberto-Vladimir-Astorga-Torrez-LA-PAZ-2-e1724956870911.jpg","Alberto Vladimir Astorga Torrez","alberto.astorga@diputados.bo","La Paz","CC (Comunidad Ciudadana)","Uninominal","Titular","C-6","Comisión de Naciones y Pueblos Indígena Originario Campesino, Culturas e Interculturalidad","","","alberto-vladimir-astorga-torrez","Presidente"
"https://diputados.gob.bo/diputados/aldo-raul-terrazas-rivero","Aldo Raúl Terrazas Rivero","https://diputados.gob.bo/wp-content/uploads/2022/01/86-Aldo-Raul-Terrazas-Rivero-SANTA-CRUZ-2-e1724966009906.jpg","Aldo Raúl Terrazas Rivero","aldo.terrazas@diputados.bo","Santa Cruz","CC (Comunidad Ciudadana)","Plurinominal","Titular","","Comisión de Organización Territorial del Estado y Autonomías","","","aldo-raul-terrazas-rivero","Presidente"
"https://diputados.gob.bo/diputados/aleida-joseff-tellez","Aleida Joseff Téllez","https://diputados.gob.bo/wp-content/uploads/2022/01/122-Aleida-Joseff-Tellez-BENI-2-e1724968226257.jpg","Aleida Joseff Téllez","aleida.joseff@diputados.bo","Beni","MAS IPSP (Movimiento Al Socialismo)","Uninominal","Titular","C-59","Comisión de Constitución, Legislación y Sistema Electoral","Comité de Control Constitucional y Armonización Legislativa","","aleida-joseff-tellez","Vocal"
"https://diputados.gob.bo/diputados/alejandra-camargo-tanabe","Alejandra Camargo Tanabe","https://diputados.gob.bo/wp-content/uploads/2022/01/43-Alejandra-Camargo-Tanabe-COCHABAMBA-2-e1724963551164.jpg","Alejandra Camargo Tanabe","alejandra.camargo@diputados.bo","Cochabamba","CC (Comunidad Ciudadana)","Plurinominal","Titular","","Comisión de Naciones y Pueblos Indígena Originario Campesino, Culturas e Interculturalidad","Comité de Cultura, Interculturalidad y Patrimonio Cultural","","alejandra-camargo-tanabe","Vocal"
"https://diputados.gob.bo/diputados/alexsandra-zenteno-cardozo","Alexsandra Zenteno Cardozo","https://diputados.gob.bo/wp-content/uploads/2022/01/117-Alexsandra-Zenteno-Cardozo-TARIJA-2-e1724967925195.jpg","Alexsandra Zenteno Cardozo","alexsandra.zenteno@diputados.bo","Tarija","MAS IPSP (Movimiento Al Socialismo)","Plurinominal","Titular","","","Comité de Derechos Humanos e Igualdad de Oportunidades","","alexsandra-zenteno-cardozo","Vocal"
"https://diputados.gob.bo/diputados/alina-canaviri-sullcani","Alina Canaviri Sullcani","https://diputados.gob.bo/wp-content/uploads/2022/01/64-Alina-Canaviri-Sullcani-SANTA-CRUZ-2-e1724964686122.jpg","Alina Canaviri Sullcani","alina.canaviri@diputados.bo","Santa Cruz","MAS IPSP (Movimiento Al Socialismo)","Plurinominal","Titular","","Comisión de Economía Plural, Producción e Industria","Comité de Economía Comunitaria y Social Cooperativa","","alina-canaviri-sullcani","Vocal"
"https://diputados.gob.bo/diputados/andres-flores-condori","Andrés Flores Condori","https://diputados.gob.bo/wp-content/uploads/2022/01/23-Andres-Flores-Condori-LA-PAZ-2-e1724959459572.jpg","Andrés Flores Condori","andres.flores@diputados.bo","La Paz","MAS IPSP (Movimiento Al Socialismo)","Uninominal","Titular","C-16","Comisión de Naciones y Pueblos Indígena Originario Campesino, Culturas e Interculturalidad","Comité de Hoja de Coca","","andres-flores-condori","Secretario"
"https://diputados.gob.bo/diputados/antonio-colque-gabriel","Antonio Colque Gabriel","https://diputados.gob.bo/wp-content/uploads/2022/01/88-Gabriel-Antonio-Colque-POTOSI-2-e1724966142631.jpg","Antonio Colque Gabriel","gabriel.colque@diputados.bo","Potosí","MAS IPSP (Movimiento Al Socialismo)","Plurinominal","Titular","","","Comité de Defensa, FF.AA., Frontera y Defensa Civil","","antonio-colque-gabriel","Vocal"
"https://diputados.gob.bo/diputados/anyelo-gerardo-cespedes-miranda","Anyelo Gerardo Céspedes Miranda","https://diputados.gob.bo/wp-content/uploads/2022/01/65-Anyelo-Gerardo-Cespedes-Miranda-SANTA-CRUZ-2-e1724964747235.jpg","Anyelo Gerardo Céspedes Miranda","anyelo.cespedes@diputados.bo","Santa Cruz","MAS IPSP (Movimiento Al Socialismo)","Plurinominal","Titular","","Comisión de Planificación, Política Económica y Finanzas","Comité de Ciencia y Tecnología","","anyelo-gerardo-cespedes-miranda","Vocal"
"https://diputados.gob.bo/diputados/basilia-rojas-mamani","Basilia Rojas Mamani","https://diputados.gob.bo/wp-content/uploads/2022/01/34-Basilia-Rojas-Mamani-LA-PAZ-2-e1724961854307.jpg","Basilia Rojas Mamani","basilia.rojas@diputados.bo","La Paz","MAS IPSP (Movimiento Al Socialismo)","Uninominal","Titular","C-18","Comisión de Constitución, Legislación y Sistema Electoral","Comité de Democracia y Sistema Electoral","","basilia-rojas-mamani","Secretaria"
"https://diputados.gob.bo/diputados/bertha-beatriz-acarapi","Bertha Beatriz Acarapi","https://diputados.gob.bo/wp-content/uploads/2022/01/11-Bertha-Beatriz-Acarapi-LA-PAZ-2-e1724949142271.jpg","Bertha Beatriz Acarapi","bertha.acarapi@diputados.bo","La Paz","MAS IPSP (Movimiento Al Socialismo)","Plurinominal","Titular","","Comisión de Organización Territorial del Estado y Autonomías","Comité de Autonomías Municipales y Regionales","","bertha-beatriz-acarapi","Vocal"
"https://diputados.gob.bo/diputados/betty-beatriz-yaniquez-lozano","Betty Beatriz Yañiquez Lozano","https://diputados.gob.bo/wp-content/uploads/2022/01/38-Betty-Beatriz-Yaniquez-LozanoLA-PAZ-e1724962175509.jpg","Betty Beatriz Yañiquez Lozano","betty.yaniquez@diputados.bo","La Paz","MAS IPSP (Movimiento Al Socialismo)","Plurinominal","Titular","","Comisión de Derechos Humanos","Comité de Derechos Humanos e Igualdad de Oportunidades","","betty-beatriz-yaniquez-lozano","Secretaria"
"https://diputados.gob.bo/diputados/blanca-magaly-lopez-sandoval","Blanca Magaly López Sandoval","https://diputados.gob.bo/wp-content/uploads/2022/01/06-Blanca-Magaly-Lopez-Sandoval-CHUQUISACA-e1724947756907.jpg","Blanca Magaly López Sandoval","blanca.lopez@diputados.bo","Chuquisaca","MAS IPSP (Movimiento Al Socialismo)","Plurinominal","Titular","","Comisión de Economía Plural, Producción e Industria","Comité de Energía e Hidrocarburos","","blanca-magaly-lopez-sandoval","Secretaria"
"https://diputados.gob.bo/diputados/carlos-silvestre-alarcon-mondonio","Carlos Silvestre Alarcón Mondonio","https://diputados.gob.bo/wp-content/uploads/2022/01/13-Carlos-Silvestre-Alarcon-Mondonio-LA-PAZ-2-e1724956744366.jpg","Carlos Silvestre Alarcón Mondonio","carlos.alarcon@diputados.bo","La Paz","CC (Comunidad Ciudadana)","Plurinominal","Titular","","Comisión de Política Internacional y Protección al Migrante","Comité de Política Internacional, Protección al Migrante y Organismos Internacionales","","carlos-silvestre-alarcon-mondonio","Vocal"
"https://diputados.gob.bo/diputados/celia-nancy-rivera-mamani","Celia Nancy Rivera Mamani","https://diputados.gob.bo/wp-content/uploads/2022/01/96-Celia-Nancy-Rivera-Mamani-POTOSI-2-e1724966571512.jpg","Celia Nancy Rivera Mamani","celia.rivera@diputados.bo","Potosí","MAS IPSP (Movimiento Al Socialismo)","Plurinominal","Titular","","Comisión de Economía Plural, Producción e Industria","Comité de Minería y Metalurgia","","celia-nancy-rivera-mamani","Vocal"
"https://diputados.gob.bo/diputados/celia-salazar-quispe","Celia Salazar Quispe","https://diputados.gob.bo/wp-content/uploads/2022/01/106-Celia-Salazar-Quispe-ORURO-2-e1724967195420.jpg","Celia Salazar Quispe","celia.salazar@diputados.bo","Oruro","MAS IPSP (Movimiento Al Socialismo)","Uninominal","Titular","C-31","Comisión de Economía Plural, Producción e Industria","Comité de Minería y Metalurgia","","celia-salazar-quispe","Secretaria"
"https://diputados.gob.bo/diputados/daniel-prieto-tomelitch","Daniel Prieto Tomelitch","https://diputados.gob.bo/wp-content/uploads/2022/01/81-Daniel-Prieto-Tomelitch-SANTA-CRUZ-2-e1724965742261.jpg","Daniel Prieto Tomelitch","daniel.prieto@diputados.bo","Santa Cruz","CC (Comunidad Ciudadana)","Plurinominal","Titular","","Comisión de Gobierno, Defensa y Fuerzas Armadas","Comité de Seguridad Ciudadana","","daniel-prieto-tomelitch","Vocal"
"https://diputados.gob.bo/diputados/danny-daniel-rojas-montes-de-oca","Danny Daniel Rojas Montes De Oca","https://diputados.gob.bo/wp-content/uploads/2022/01/83-Danny-Daniel-Rojas-Montes-de-Oca-SANTA-CRUZ-2-e1724965850747.jpg","Danny Daniel Rojas Montes De Oca","danny.rojas@diputados.bo","Santa Cruz","MAS IPSP (Movimiento Al Socialismo)","Uninominal","Titular","C-57","Comisión de Naciones y Pueblos Indígena Originario Campesino, Culturas e Interculturalidad","Comité de Cultura, Interculturalidad y Patrimonio Cultural","","danny-daniel-rojas-montes-de-oca","Vocal"
"https://diputados.gob.bo/diputados/darlen-isabel-velasco-torrez","Darlen Isabel Velasco Torrez","https://diputados.gob.bo/wp-content/uploads/2022/01/116-Darlen-Isabel-Velasco-Torrez-TARIJA-2-e1724967846945.jpg","Darlen Isabel Velasco Torrez","darlen.velasco@diputados.bo","Tarija","MAS IPSP (Movimiento Al Socialismo)","Especial","Titular","","Comisión de Economía Plural, Producción e Industria","Comité de Energía e Hidrocarburos","","darlen-isabel-velasco-torrez","Vocal"
"https://diputados.gob.bo/diputados/deisy-judith-choque-arnez","Deisy Judith Choque Arnez","https://diputados.gob.bo/wp-content/uploads/2022/01/66-Deisy-Judith-Choque-Arnez-SANTA-CRUZ-2-e1724964803934.jpg","Deisy Judith Choque Arnez","deisy.choque@diputados.bo","Santa Cruz","MAS IPSP (Movimiento Al Socialismo)","Uninominal","Titular","C-52","Comisión de Planificación, Política Económica y Finanzas","Comité de Planificación e Inversión Pública","","deisy-judith-choque-arnez","Secretaria"
"https://diputados.gob.bo/diputados/delfor-german-burgos-aguirre","Delfor Germán Burgos Aguirre","https://diputados.gob.bo/wp-content/uploads/2022/01/110-Delfor-German-Burgos-Aguirre-TARIJA-2-e1724967419107.jpg","Delfor Germán Burgos Aguirre","delfor.burgos@diputados.bo","Tarija","MAS IPSP (Movimiento Al Socialismo)","Uninominal","Titular","C-42","Comisión de Planificación, Política Económica y Finanzas","Comité de Política Financiera, Monetaria y de Seguros","","delfor-german-burgos-aguirre","Vocal"
"https://diputados.gob.bo/diputados/dora-lizeth-morales-rios","Dora Lizeth Morales Ríos","https://diputados.gob.bo/wp-content/uploads/2022/01/55-Dora-Lizeth-Morales-Rios-COCHABAMBA-2-e1724964266810.jpg","Dora Lizeth Morales Ríos","dora.morales@diputados.bo","Cochabamba","MAS IPSP (Movimiento Al Socialismo)","Uninominal","Titular","C-23","Comisión de Región Amazónica, Tierra, Territorio, Agua, Recursos Naturales y Medio Ambiente","Comité de Recursos Naturales, Hídricos y Agua","","dora-lizeth-morales-rios","Vocal"
"https://diputados.gob.bo/diputados/edwin-rosas-urzagaste","Edwin Rosas Urzagaste","https://diputados.gob.bo/wp-content/uploads/2022/01/114-Edwin-Rosas-Urzagaste-TARIJA-2-e1724967732752.jpg","Edwin Rosas Urzagaste","edwin.rosas@diputados.bo","Tarija","CC (Comunidad Ciudadana)","Uninominal","Titular","C-40","Comisión de Región Amazónica, Tierra, Territorio, Agua, Recursos Naturales y Medio Ambiente","Comité de Recursos Naturales, Hídricos y Agua","","edwin-rosas-urzagaste","Secretario"
"https://diputados.gob.bo/diputados/elsa-ali-ramos","Elsa Alí Ramos","https://diputados.gob.bo/wp-content/uploads/2022/01/87-Elsa-Ali-Ramos-POTOSI-1-e1724966071795.jpg","Elsa Alí Ramos","elsa.ali@diputados.bo","Potosí","MAS IPSP (Movimiento Al Socialismo)","Plurinominal","Titular","","Comisión de Naciones y Pueblos Indígena Originario Campesino, Culturas e Interculturalidad","Comité de Cultura, Interculturalidad y Patrimonio Cultural","","elsa-ali-ramos","Secretaria"
"https://diputados.gob.bo/diputados/elsa-sanchez-romero","Elsa Sánchez Romero","https://diputados.gob.bo/wp-content/uploads/2022/01/85-Elsa-Sanchez-Romero-SANTA-CRUZ-2-e1724965952945.jpg","Elsa Sánchez Romero","elsa.sanchez@diputados.bo","Santa Cruz","MAS IPSP (Movimiento Al Socialismo)","Especial","Titular","","Comisión de Región Amazónica, Tierra, Territorio, Agua, Recursos Naturales y Medio Ambiente","Comité de Región Amazónica, Tierra y Territorio","","elsa-sanchez-romero","Secretaria"
"https://diputados.gob.bo/diputados/enrique-cunai-cayuba","Enrique Cunai Cayuba","https://diputados.gob.bo/wp-content/uploads/2022/01/121-Enrique-Cunai-Cayuba-BENI-1-e1724968165647.jpg","Enrique Cunai Cayuba","enrique.cunai@diputados.bo","Beni","MAS IPSP (Movimiento Al Socialismo)","Especial","Titular","","Comisión de Región Amazónica, Tierra, Territorio, Agua, Recursos Naturales y Medio Ambiente","","","enrique-cunai-cayuba","Presidencia"
"https://diputados.gob.bo/diputados/enrique-fernando-urquidi-daza","Enrique Fernando Urquidi Daza","https://diputados.gob.bo/wp-content/uploads/2022/01/107-Enrique-Fernando-Urquidi-Daza-ORURO-2-e1724967252265.jpg","Enrique Fernando Urquidi Daza","enrique.urquidi@diputados.bo","Oruro","CC (Comunidad Ciudadana)","Plurinominal","Titular","","Comisión de Gobierno, Defensa y Fuerzas Armadas","Comité de Lucha Contra el Narcotráfico","","enrique-fernando-urquidi-daza","Vocal"
"https://diputados.gob.bo/diputados/erick-marcelo-pedrazas-lopez","Erick Marcelo Pedrazas López","https://diputados.gob.bo/wp-content/uploads/2022/01/08-Erick-Marcelo-Pedrazas-Lopez-CHUQUISACA-1-e1724948946644.jpg","Erick Marcelo Pedrazas López","erick.pedrazas@diputados.bo","Chuquisaca","CC (Comunidad Ciudadana)","Plurinominal","Titular","","Comisión de Política Social","Comité de Trabajo y Régimen Laboral","","erick-marcelo-pedrazas-lopez","Vocal"
"https://diputados.gob.bo/diputados/erwin-bazan-gutierrez","Erwin Bazán Gutiérrez","https://diputados.gob.bo/wp-content/uploads/2022/01/61-Erwin-Bazan-Gutierrez-SANTA-CRUZ-2-e1724964540783.jpg","Erwin Bazán Gutiérrez","erwin.bazan@diputados.bo","Santa Cruz","CREEMOS","Plurinominal","Titular","","Comisión de Naciones y Pueblos Indígena Originario Campesino, Culturas e Interculturalidad","Comité de Naciones y Pueblos Indígena Originario Campesinos","","erwin-bazan-gutierrez","Vocal"
"https://diputados.gob.bo/diputados/estefania-morales-laura","Estefanía Morales Laura","https://diputados.gob.bo/wp-content/uploads/2022/01/74-Estefania-Morales-Laura-SANTA-CRUZ-2-e1724965295398.jpg","Estefanía Morales Laura","estefania.morales@diputados.bo","Santa Cruz","MAS IPSP (Movimiento Al Socialismo)","Plurinominal","Titular","","Comisión de Justicia Plural, Ministerio Público y Defensa Legal del Estado","Comité de Jurisdicción Ordinaria y Consejo de la Magistratura","","estefania-morales-laura","Secretaria"
"https://diputados.gob.bo/diputados/felicia-alejo-hidalgo","Felicia Alejo Hidalgo","https://diputados.gob.bo/wp-content/uploads/2022/01/40-Felicia-Alejo-Hidalgo-COCHABAMBA-2-e1724963301679.jpg","Felicia Alejo Hidalgo","felicia.alejo@diputados.bo","Cochabamba","MAS IPSP (Movimiento Al Socialismo)","Plurinominal","Titular","","Comisión de Política Social","Comité de Hábitat, Vivienda y Servicios Básicos","","felicia-alejo-hidalgo","Secretaria"
"https://diputados.gob.bo/diputados/felix-mayta-laric","Felix Mayta Larico","https://diputados.gob.bo/wp-content/uploads/2022/01/28-Felix-Mayta-Larico-LA-PAZ-2-e1724959937251.jpg","Felix Mayta Larico","felix.mayta@diputados.bo","La Paz","MAS IPSP (Movimiento Al Socialismo)","Uninominal","Titular","C-13","Comisión de Organización Territorial del Estado y Autonomías","Comité de Autonomías Departamentales","","felix-mayta-laric","Secretario"
"https://diputados.gob.bo/diputados/fernando-llapiz-hoentsch","Fernando Llapiz Hoentsch","https://diputados.gob.bo/wp-content/uploads/2022/01/123-Fernando-Llapiz-Hoentsch-BENI-2-e1724968284774.jpg","Fernando Llapiz Hoentsch","fernando.llapiz@diputados.bo","Beni","CREEMOS","Uninominal","Titular","C-58","Comisión de Región Amazónica, Tierra, Territorio, Agua, Recursos Naturales y Medio Ambiente","Comité de Medio Ambiente, Cambio Climático, Areas Protegidas y Recursos Naturales","","fernando-llapiz-hoentsch","Secretario"
"https://diputados.gob.bo/diputados/freddy-lopez-choque","Freddy López Choque","https://diputados.gob.bo/wp-content/uploads/2022/01/24-Freddy-Lopez-Choque-LA-PAZ-2-e1724959532514.jpg","Freddy López Choque","freddy.lopez@diputados.bo","La Paz","MAS IPSP (Movimiento Al Socialismo)","Plurinominal","Titular","","Comisión de Economía Plural, Producción e Industria","Comité de Agricultura y Ganadería","","freddy-lopez-choque","Secretario"
"https://diputados.gob.bo/diputados/freddy-mamani-laura","Freddy Mamani Laura","https://diputados.gob.bo/wp-content/uploads/2022/01/27-Freddy-Mamani-Laura-LA-PAZ-1-e1724959862299.jpg","Freddy Mamani Laura","freddy.mamani@diputados.bo","La Paz","MAS IPSP (Movimiento Al Socialismo)","Plurinominal","Titular","","Comisión de Educación y Salud","Comité de Salud, Deportes y Recreación","","freddy-mamani-laura","Vocal"
"https://diputados.gob.bo/diputados/freddy-velasquez-aparicio","Freddy Velásquez Aparicio","https://diputados.gob.bo/wp-content/uploads/2022/01/35-Freddy-Velasquez-Aparicio-LA-PAZ-2-e1724961934529.jpg","Freddy Velásquez Aparicio","freddy.velasquez@diputados.bo","La Paz","MAS IPSP (Movimiento Al Socialismo)","Plurinominal","Titular","","Comisión de Constitución, Legislación y Sistema Electoral","Comité de Democracia y Sistema Electoral","","freddy-velasquez-aparicio","Vocal"
"https://diputados.gob.bo/diputados/froilan-mamani-choque","Froilán Mamani Choque","https://diputados.gob.bo/wp-content/uploads/2022/01/26-Froilan-Mamani-Choque-Froilan-LA-PAZ-e1724959761623.jpg","Froilán Mamani Choque","froilan.mamani@diputados.bo","La Paz","MAS IPSP (Movimiento Al Socialismo)","Plurinominal","Titular","","Comisión de Justicia Plural, Ministerio Público y Defensa Legal del Estado","","","froilan-mamani-choque","Presidente"
"https://diputados.gob.bo/diputados/gabriela-veronica-ferrel-parrado","Gabriela Verónica Ferrel Parrado","https://diputados.gob.bo/wp-content/uploads/2022/01/22-Gabriela-Veronica-Ferrel-Parrado-LA-PAZ-2-e1724959395935.jpg","Gabriela Verónica Ferrel Parrado","gabriela.ferrel@diputados.bo","La Paz","CC (Comunidad Ciudadana)","Plurinominal","Titular","","Comisión de Derechos Humanos","Comité de Derechos de Género","","gabriela-veronica-ferrel-parrado","Secretaria"
"https://diputados.gob.bo/diputados/gildo-leodan-hinojosa-soria","Gildo Leodán Hinojosa Soria","https://diputados.gob.bo/wp-content/uploads/2022/01/50-Gildo-Leodan-Hinojosa-Soria-COCHABAMBA-2-e1724964045225.jpg","Gildo Leodán Hinojosa Soria","gildo.hinojosa@diputados.bo","Cochabamba","MAS IPSP (Movimiento Al Socialismo)","Especial","Titular","","","Comité de Gobierno y Policía Boliviana","","gildo-leodan-hinojosa-soria","Secretario"
"https://diputados.gob.bo/diputados/gladys-chumacero-vasquez","Gladys Chumacero Vásquez","https://diputados.gob.bo/wp-content/uploads/2022/01/90-Gladys-Chumacero-Vasquez-POTOSI-2-e1724966251881.jpg","Gladys Chumacero Vásquez","gladys.chumacero@diputados.bo","Potosí","MAS IPSP (Movimiento Al Socialismo)","Uninominal","Titular","C-38","","Comité de Derechos de Género","","gladys-chumacero-vasquez","Vocal"
"https://diputados.gob.bo/diputados/gladys-quispe-chura","Gladys Quispe Chura","https://diputados.gob.bo/wp-content/uploads/2022/01/31-Gladys-Quispe-Chura-LA-PAZ-1-e1724960208104.jpg","Gladys Quispe Chura","gladys.quispe@diputados.bo","La Paz","MAS IPSP (Movimiento Al Socialismo)","Uninominal","Titular","C-17","","Comité de Gobierno y Policía Boliviana","","gladys-quispe-chura","Vocal"
"https://diputados.gob.bo/diputados/gloria-magdalena-callizaya-rodriguez","Gloria Magdalena Callizaya Rodríguez","https://diputados.gob.bo/wp-content/uploads/2022/01/17-Gloria-Magdalena-Callizaya-Rodriguez-LAPAZ-e1724956993952.jpg","Gloria Magdalena Callizaya Rodríguez","gloria.callizaya@diputados.bo","La Paz","MAS IPSP (Movimiento Al Socialismo)","Plurinominal","Titular","","Comisión de Gobierno, Defensa y Fuerzas Armadas","","","gloria-magdalena-callizaya-rodriguez","Presidenta"
"https://diputados.gob.bo/diputados/griselda-soledad-perez-alberto","Griselda Soledad Pérez Alberto","https://diputados.gob.bo/wp-content/uploads/2022/01/30-Griselda-Soledad-Perez-Alberto-LA-PAZ-2-e1724960067126.jpg","Griselda Soledad Pérez Alberto","griselda.perez@diputados.bo","La Paz","MAS IPSP (Movimiento Al Socialismo)","Plurinominal","Titular","","Comisión de Gobierno, Defensa y Fuerzas Armadas","Comité de Lucha Contra el Narcotráfico","","griselda-soledad-perez-alberto","Vocal"
"https://diputados.gob.bo/diputados/gualberto-arispe-maita","Gualberto Arispe Maita","https://diputados.gob.bo/wp-content/uploads/2022/01/42-Gualberto-Arispe-Maita-COCHABAMBA-2-e1724963475693.jpg","Gualberto Arispe Maita","gualberto.arispe@diputados.bo","Cochabamba","MAS IPSP (Movimiento Al Socialismo)","Uninominal","Titular","C-24","Comisión de Educación y Salud","Comité de Educación","","gualberto-arispe-maita","Vocal"
"https://diputados.gob.bo/diputados/gustavo-adolfo-aliaga-palma","Gustavo Adolfo Aliaga Palma","https://diputados.gob.bo/wp-content/uploads/2022/01/14-Gustavo-Adolfo-Aliaga-Palma-LA-PAZ-1-e1724956807945.jpg","Gustavo Adolfo Aliaga Palma","gustavo.aliaga@diputados.bo","La Paz","CC (Comunidad Ciudadana)","Plurinominal","Titular","","Comisión de Planificación, Política Económica y Finanzas","Comité de Ciencia y Tecnología","","gustavo-adolfo-aliaga-palma","Vocal"
"https://diputados.gob.bo/diputados/gustavo-vega-pina","Gustavo Vega Piña","https://diputados.gob.bo/wp-content/uploads/2022/01/09-Gustavo-Vega-Pina-CHUQUISACA-1-e1724949003396.jpg","Gustavo Vega Piña","gustavo.vega@diputados.bo","Chuquisaca","MAS IPSP (Movimiento Al Socialismo)","Plurinominal","Titular","","Comisión de Constitución, Legislación y Sistema Electoral","Comité de Desarrollo Constitucional y Legislación","","gustavo-vega-pina","Vocal"
"https://diputados.gob.bo/diputados/hector-arce-rodriguez","Héctor Arce Rodríguez","https://diputados.gob.bo/wp-content/uploads/2022/01/41-Hector-Arce-Rodriguez-COCHABAMBA-2-e1724963362201.jpg","Héctor Arce Rodríguez","hector.arce@diputados.bo","Cochabamba","MAS IPSP (Movimiento Al Socialismo)","Uninominal","Titular","C-25","Comisión de Política Internacional y Protección al Migrante","Comité de Relaciones Económicas Internacionales","","hector-arce-rodriguez","Vocal"
"https://diputados.gob.bo/diputados/hernan-hinojosa-rojas","Hernán Hinojosa Rojas","https://diputados.gob.bo/wp-content/uploads/2022/01/70-Hernan-Hinojosa-Rojas-SANTA-CRUZ-2-e1724965069985.jpg","Hernán Hinojosa Rojas","hernan.hinojosa@diputados.bo","Santa Cruz","MAS IPSP (Movimiento Al Socialismo)","Uninominal","Titular","C-55","Comisión de Planificación, Política Económica y Finanzas","Comité de Presupuesto, Política Tributaria y Contraloría","","hernan-hinojosa-rojas","Secretario"
"https://diputados.gob.bo/diputados/hernan-isaias-duran-lazo","Hernán Isaías Durán Lazo","https://diputados.gob.bo/wp-content/uploads/2022/01/20-Hernan-Isaias-Duran-Lazo-LA-PAZ-1-e1724959175382.jpg","Hernán Isaías Durán Lazo","hernan.duran@diputados.bo","La Paz","MAS IPSP (Movimiento Al Socialismo)","Uninominal","Titular","C-14","","Comité de Lucha Contra el Narcotráfico","","hernan-isaias-duran-lazo","Secretario"
"https://diputados.gob.bo/diputados/higinio-farfan-aban","Higinio Farfán Abán","https://diputados.gob.bo/wp-content/uploads/2022/01/91-Higinio-Farfan-Aban-POTOSI-2-e1724966321398.jpg","Higinio Farfán Abán","higinio.farfan@diputados.bo","Potosí","MAS IPSP (Movimiento Al Socialismo)","Uninominal","Titular","C-37","Comisión de Planificación, Política Económica y Finanzas","Comité de Presupuesto, Política Tributaria y Contraloría","","higinio-farfan-aban","Vocal"
"https://diputados.gob.bo/diputados/honorio-chino-mamani","Honorio Chino Mamani","https://diputados.gob.bo/wp-content/uploads/2022/01/101-Honorio-Chino-Mamani-ORURO-2-e1724966886746.jpg","Honorio Chino Mamani","honorio.chino@diputados.bo","Oruro","MAS IPSP (Movimiento Al Socialismo)","Especial","Titular","","Comisión de Justicia Plural, Ministerio Público y Defensa Legal del Estado","Comité de Jurisdicción Indígena Originaria Campesina","","honorio-chino-mamani","Secretario"
"https://diputados.gob.bo/diputados/ignacio-renan-cabezas-veizan","Ignacio Renán Cabezas Veizan","https://diputados.gob.bo/wp-content/uploads/2022/01/16-Ignacio-Renan-Cabezas-Veizan-LA-PAZ-2-e1724956932721.jpg","Ignacio Renán Cabezas Veizan","ignacio.cabezas@diputados.bo","La Paz","MAS IPSP (Movimiento Al Socialismo)","Uninominal","Titular","C-11","Comisión de Región Amazónica, Tierra, Territorio, Agua, Recursos Naturales y Medio Ambiente","Comité de Región Amazónica, Tierra y Territorio","","ignacio-renan-cabezas-veizan","Vocal"
"https://diputados.gob.bo/diputados/ingvar-ellefsen-dotzauer","Ingvar Ellefsen Dotzauer","https://diputados.gob.bo/wp-content/uploads/2022/01/21-Ingvar-Ellefsen-Dotzauer-LA-PAZ-1-e1724959239748.jpg","Ingvar Ellefsen Dotzauer","ingvar.ellefsen@diputados.bo","La Paz","CC (Comunidad Ciudadana)","Uninominal","Titular","C-8","Comisión de Naciones y Pueblos Indígena Originario Campesino, Culturas e Interculturalidad","Comité de Hoja de Coca","","ingvar-ellefsen-dotzauer","Vocal"
"https://diputados.gob.bo/diputados/israel-huaytari-martinez","Israel Huaytari Martínez","https://diputados.gob.bo/wp-content/uploads/2022/01/01-Israel-Huaytari-Martinez-Precidente-e1724947380139.jpg","Israel Huaytari Martínez","israel.huaytari@diputados.bo","Potosí","MAS IPSP (Movimiento Al Socialismo)","Uninominal","Titular","C-39","","","Presidencia","israel-huaytari-martinez",""
"https://diputados.gob.bo/diputados/janira-roman-matijasevic","Janira Román Matijasevic","https://diputados.gob.bo/wp-content/uploads/2022/01/125-Janira-Roman-Matijasevic-BENI-2-e1724968400478.jpg","Janira Román Matijasevic","janira.roman@diputados.bo","Beni","CC (Comunidad Ciudadana)","Plurinominal","Titular","","","Comité de Medio Ambiente, Cambio Climático, Areas Protegidas y Recursos Naturales","","janira-roman-matijasevic","Vocal"
"https://diputados.gob.bo/diputados/jerges-mercado-suarez","Jerges Mercado Suárez","https://diputados.gob.bo/wp-content/uploads/2022/01/72-Jerges-Mercado-Suarez-SANTA-CRUZ-1-e1724965181765.jpg","Jerges Mercado Suárez","jerges.mercado@diputados.bo","Santa Cruz","MAS IPSP (Movimiento Al Socialismo)","Plurinominal","Titular","","Comisión de Constitución, Legislación y Sistema Electoral","Comité de Control Constitucional y Armonización Legislativa","","jerges-mercado-suarez","Vocal"
"https://diputados.gob.bo/diputados/jhonny-pardo-ramirez","Jhonny Pardo Ramírez","https://diputados.gob.bo/wp-content/uploads/2022/01/57-Jhonny-Pardo-Ramirez-COCHABAMBA-2-e1724964380683.jpg","Jhonny Pardo Ramírez","jhonny.pardo@diputados.bo","Cochabamba","MAS IPSP (Movimiento Al Socialismo)","Plurinominal","Titular","","Comisión de Organización Territorial del Estado y Autonomías","Comité de Autonomías Departamentales","","jhonny-pardo-ramirez","Vocal"
"https://diputados.gob.bo/diputados/jorge-yucra-zarate","Jorge Yucra Zárate","https://diputados.gob.bo/wp-content/uploads/2022/01/10-Jorge-Yucra-Zarate-CHUQUISACA-e1724949078899.jpg","Jorge Yucra Zárate","jorge.yucra@diputados.bo","Chuquisaca","MAS IPSP (Movimiento Al Socialismo)","Uninominal","Titular","C-3","Comisión de Planificación, Política Económica y Finanzas","Comité de Ciencia y Tecnología","","jorge-yucra-zarate","Secretario"
"https://diputados.gob.bo/diputados/jose-carlos-gutierrez-vargas","José Carlos Gutiérrez Vargas","https://diputados.gob.bo/wp-content/uploads/2022/01/69-Jose-Carlos-Gutierrez-Vargas-SANTA-CRUZ-2-e1724964972208.jpg","José Carlos Gutiérrez Vargas","jose.gutierrez@diputados.bo","Santa Cruz","CREEMOS","Uninominal","Titular","C-45","Comisión de Justicia Plural, Ministerio Público y Defensa Legal del Estado","Comité de Ministerio Público y Defensa Legal del Estado","","jose-carlos-gutierrez-vargas","Vocal"
"https://diputados.gob.bo/diputados/jose-guillermo-benavides-ramos","José Guillermo Benavides Ramos","https://diputados.gob.bo/wp-content/uploads/2022/01/89-Jose-Guillermo-Benavides-Ramos-POTOSI-2-e1724966196452.jpg","José Guillermo Benavides Ramos","jose.benavides@diputados.bo","Potosí","CC (Comunidad Ciudadana)","Plurinominal","Titular","","Comisión de Economía Plural, Producción e Industria","Comité de Energía e Hidrocarburos","","jose-guillermo-benavides-ramos","Vocal"
"https://diputados.gob.bo/diputados/flores-colquillo-jose-luis","José Luis Flores Colquillo","https://diputados.gob.bo/wp-content/uploads/2022/01/46-Jose-Luis-Flores-Colquillo-COCHABAMBA-2-e1724963856573.jpg","José Luis Flores Colquillo","jose.flores@diputados.bo","Cochabamba","MAS IPSP (Movimiento Al Socialismo)","Plurinominal","Titular","","Comisión de Constitución, Legislación y Sistema Electoral","Comité de Desarrollo Constitucional y Legislación","","flores-colquillo-jose-luis","Secretario"
"https://diputados.gob.bo/diputados/jose-luis-porcel-marquina","José Luis Porcel Marquina","https://diputados.gob.bo/wp-content/uploads/2022/01/113-Jose-Luis-Porcel-Marquina-TARIJA-2-e1724967631744.jpg","José Luis Porcel Marquina","jose.porcel@diputados.bo","Tarija","CC (Comunidad Ciudadana)","Plurinominal","Titular","","Comisión de Planificación, Política Económica y Finanzas","Comité de Política Financiera, Monetaria y de Seguros","","jose-luis-porcel-marquina","Secretario"
"https://diputados.gob.bo/diputados/jose-maldonado-gemio","José Maldonado Gemio","https://diputados.gob.bo/wp-content/uploads/2022/01/06-Jose-Maldonado-Gemio-Tercera-Secretaria-e1724947831701.jpg","José Maldonado Gemio","jose.maldonado@diputados.bo","Cochabamba","CC (Comunidad Ciudadana)","Plurinominal","Titular","","","","Tercera Secretaría","jose-maldonado-gemio",""
"https://diputados.gob.bo/diputados/juan-jose-huanca-mamani","Juan José Huanca Mamani","https://diputados.gob.bo/wp-content/uploads/2022/01/05-Juan-Jose-Huanca-Mamani-Segunda-Secretaria-e1724947704139.jpg","Juan José Huanca Mamani","juan.huanca@diputados.bo","Tarija","MAS IPSP (Movimiento Al Socialismo)","Plurinominal","Titular","","","","Segunda Secretaría","juan-jose-huanca-mamani",""
"https://diputados.gob.bo/diputados/juan-jose-jauregui-ururi","Juan José Jauregui Ururi","https://diputados.gob.bo/wp-content/uploads/2022/01/103-Juan-Jose-Jauregui-Ururi-ORURO-2-e1724966997762.jpg","Juan José Jauregui Ururi","juan.jauregui@diputados.bo","Oruro","MAS IPSP (Movimiento Al Socialismo)","Uninominal","Titular","C-30","Comisión de Constitución, Legislación y Sistema Electoral","","","juan-jose-jauregui-ururi","presidencia"
"https://diputados.gob.bo/diputados/juan-jose-torrez-flores","Juan José Torrez Flores","https://diputados.gob.bo/wp-content/uploads/2022/01/99-Juan-Jose-Torrez-Flores-POTOSI-2-e1724966730628.jpg","Juan José Torrez Flores","juan.torrez@diputados.bo","Potosí","CC (Comunidad Ciudadana)","Uninominal","Titular","C-33","Comisión de Economía Plural, Producción e Industria","Comité de Industria, Comercio, Transporte y Turismo","","juan-jose-torrez-flores","Secretario"
"https://diputados.gob.bo/diputados/juan-pardo-guevara","Juan Pardo Guevara","https://diputados.gob.bo/wp-content/uploads/2022/01/95-Juan-Pardo-Guevara-POTOSI-2-e1724966484316.jpg","Juan Pardo Guevara","juan.pardo@diputados.bo","Potosí","CC (Comunidad Ciudadana)","Plurinominal","Titular","","Comisión de Economía Plural, Producción e Industria","Comité de Agricultura y Ganadería","","juan-pardo-guevara","Vocal"
"https://diputados.gob.bo/diputados/keyla-ortiz-dorado","Keyla Ortiz Dorado","https://diputados.gob.bo/wp-content/uploads/2022/01/124-Keyla-Ortiz-Dorado-BENI-2-e1724968345471.jpg","Keyla Ortiz Dorado","keyla.ortiz@diputados.bo","Beni","CC (Comunidad Ciudadana)","Uninominal","Titular","C-60","Comisión de Economía Plural, Producción e Industria","Comité de Industria, Comercio, Transporte y Turismo","","keyla-ortiz-dorado","Vocal"
"https://diputados.gob.bo/diputados/laura-luisa-nayar-sosa","Laura Luisa Nayar Sosa","https://diputados.gob.bo/wp-content/uploads/2022/01/03-Laura-Luisa-Nayar-Sosa-Segunda-Viceprecidencia-e1724947569329.jpg","Laura Luisa Nayar Sosa","luisa.nayar@diputados.bo","Santa Cruz","CC (Comunidad Ciudadana)","Plurinominal","Titular","","","","Segunda Vicepresidencia","laura-luisa-nayar-sosa",""
"https://diputados.gob.bo/diputados/leonardo-fabian-ayala-soria","Leonardo Fabián Ayala Soria","https://diputados.gob.bo/wp-content/uploads/2022/01/118-Leonardo-Fabian-Ayala-Soria-Leonardo-Fabian-BENI-e1724967983540.jpg","Leonardo Fabián Ayala Soria","leonardo.ayala@diputados.bo","Beni","CREEMOS","Uninominal","Titular","C-61","Comisión de Constitución, Legislación y Sistema Electoral","Comité de Control Constitucional y Armonización Legislativa","","leonardo-fabian-ayala-soria","Secretario"
"https://diputados.gob.bo/diputados/lidia-limon-solis","Lidia Limón Solís","https://diputados.gob.bo/wp-content/uploads/2022/01/05-Lidia-Limon-Solis-CHUQUISACA-1-e1724947666195.jpg","Lidia Limón Solís","lidia.limon@diputados.bo","Chuquisaca","MAS IPSP (Movimiento Al Socialismo)","Uninominal","Titular","C-4","Comisión de Educación y Salud","","","lidia-limon-solis","Presidenta"
"https://diputados.gob.bo/diputados/lidia-tupa-zelaya","Lidia Tupa Zelaya","https://diputados.gob.bo/wp-content/uploads/2022/01/115-Lidia-Tupa-Zelaya-TARIJA-2-e1724967793616.jpg","Lidia Tupa Zelaya","lidia.tupa@diputados.bo","Tarija","MAS IPSP (Movimiento Al Socialismo)","Uninominal","Titular","C-43","Comisión de Justicia Plural, Ministerio Público y Defensa Legal del Estado","Comité de Ministerio Público y Defensa Legal del Estado","","lidia-tupa-zelaya","Secretaria"
"https://diputados.gob.bo/diputados/lily-bernabe-colque","Lily Bernabé Colque","https://diputados.gob.bo/wp-content/uploads/2022/01/100-Lily-Bernabe-Colque-ORURO-2-e1724966803296.jpg","Lily Bernabé Colque","lily.bernabe@diputados.bo","Oruro","MAS IPSP (Movimiento Al Socialismo)","Plurinominal","Titular","","Comisión de Política Internacional y Protección al Migrante","Comité de Política Internacional, Protección al Migrante y Organismos Internacionales","","lily-bernabe-colque","Vocal"
"https://diputados.gob.bo/diputados/lily-gladys-fernandez-vargas","Lily Gladys Fernández Vargas","https://diputados.gob.bo/wp-content/uploads/2022/01/04-Lily-Gladys-Fernandez-Vargas-CHUQUISACA-1-e1724947559270.jpg","Lily Gladys Fernández Vargas","lily.fernandez@diputados.bo","Chuquisaca","CC (Comunidad Ciudadana)","Uninominal","Titular","C-2","Comisión de Constitución, Legislación y Sistema Electoral","Comité de Democracia y Sistema Electoral","","lily-gladys-fernandez-vargas","Vocal"
"https://diputados.gob.bo/diputados/magaly-lourdes-gomez-aranibar","Magaly Lourdes Gómez Aranibar","https://diputados.gob.bo/wp-content/uploads/2022/01/48-Magaly-Lourdes-Gomez-Aranibar-COCHABAMBA-2-e1724963918946.jpg","Magaly Lourdes Gómez Aranibar","magaly.gomez@diputados.bo","Cochabamba","MAS IPSP (Movimiento Al Socialismo)","Plurinominal","Titular","","Comisión de Educación y Salud","Comité de Educación","","magaly-lourdes-gomez-aranibar","Secretaria"
"https://diputados.gob.bo/diputados/maria-alanoca-tinta","María Alanoca Tinta","https://diputados.gob.bo/wp-content/uploads/2022/01/12-Maria-Alanoca-Tinta-LA-PAZ-1-e1724949195321.jpg","María Alanoca Tinta","maria.alanoca@diputados.bo","La Paz","MAS IPSP (Movimiento Al Socialismo)","Uninominal","Titular","C-10","Comisión de Organización Territorial del Estado y Autonomías","Comité de Autonomías Indígena Originaria Campesina","","maria-alanoca-tinta","Vocal"
"https://diputados.gob.bo/diputados/maria-cristina-choque-gutierrez","María Cristina Choque Gutiérrez","https://diputados.gob.bo/wp-content/uploads/2022/01/45-Maria-Cristina-Choque-Gutierrez-COCHABAMBA-2-e1724963797734.jpg","María Cristina Choque Gutiérrez","maria.choque@diputados.bo","Cochabamba","MAS IPSP (Movimiento Al Socialismo)","Uninominal","Titular","C-26","Comisión de Planificación, Política Económica y Finanzas","Comité de Política Financiera, Monetaria y de Seguros","","maria-cristina-choque-gutierrez","Vocal"
"https://diputados.gob.bo/diputados/maria-elena-ortega","María Elena Ortega","https://diputados.gob.bo/wp-content/uploads/2022/01/112-Maria-Elena-Ortega-TARIJA-1-e1724967578782.jpg","María Elena Ortega","maria.ortega@diputados.bo","Tarija","CC (Comunidad Ciudadana)","Plurinominal","Titular","","","Comité de Derechos de Género","","maria-elena-ortega","Vocal"
"https://diputados.gob.bo/diputados/maria-elena-pachacute-ticona","María Elena Pachacute Ticona","https://diputados.gob.bo/wp-content/uploads/2022/01/29-Maria-Elena-Pachacute-Ticona-LA-PAZ-2-e1724960003514.jpg","María Elena Pachacute Ticona","maria.pachacute@diputados.bo","La Paz","CC (Comunidad Ciudadana)","Plurinominal","Titular","","Comisión de Justicia Plural, Ministerio Público y Defensa Legal del Estado","Comité de Jurisdicción Indígena Originaria Campesina","","maria-elena-pachacute-ticona","Vocal"
"https://diputados.gob.bo/diputados/maria-jose-rodriguez-galvez","María José Rodríguez Gálvez","https://diputados.gob.bo/wp-content/uploads/2022/01/129-Maria-Jose-Rodriguez-Galvez-PANDO-1-e1724968895683.jpg","María José Rodríguez Gálvez","maria.rodriguez@diputados.bo","Pando","MAS IPSP (Movimiento Al Socialismo)","Uninominal","Titular","C-62","Comisión de Gobierno, Defensa y Fuerzas Armadas","Comité de Seguridad Ciudadana","","maria-jose-rodriguez-galvez","Secretaria"
"https://diputados.gob.bo/diputados/maria-khaline-moreno-cardenas","María Khaline Moreno Cárdenas","https://diputados.gob.bo/wp-content/uploads/2022/01/75-Maria-Khaline-Moreno-Cardenas-SANTA-CRUZ-2-e1724965354834.jpg","María Khaline Moreno Cárdenas","maria.moreno@diputados.bo","Santa Cruz","CREEMOS","Plurinominal","Titular","","","Comité de Gobierno y Policía Boliviana","","maria-khaline-moreno-cardenas","Vocal"
"https://diputados.gob.bo/diputados/maria-rene-alvarez-camacho","María René Álvarez Camacho","https://diputados.gob.bo/wp-content/uploads/2022/01/07-Maria-Rene-Alvarez-Camacho-Cuarta-Secretaria-e1724948019386.jpg","María René Álvarez Camacho","maria.alvarez@diputados.bo","Santa Cruz","CREEMOS","Uninominal","Titular","C-54","","","Cuarta Secretaría","maria-rene-alvarez-camacho",""
"https://diputados.gob.bo/diputados/mariel-carola-penaloza-lema","Mariel Carola Peñaloza Lema","https://diputados.gob.bo/wp-content/uploads/2022/01/105-Mariel-Carola-Penaloza-Lema-ORURO-2-e1724967139120.jpg","Mariel Carola Peñaloza Lema","mariel.penaloza@diputados.bo","Oruro","CC (Comunidad Ciudadana)","Plurinominal","Titular","","Comisión de Naciones y Pueblos Indígena Originario Campesino, Culturas e Interculturalidad","Comité de Naciones y Pueblos Indígena Originario Campesinos","","mariel-carola-penaloza-lema","Vocal"
"https://diputados.gob.bo/diputados/mariela-baldivieso-castillo","Mariela Baldivieso Castillo","https://diputados.gob.bo/wp-content/uploads/2022/01/109-Mariela-Baldivieso-Castillo-TARIJA-1-e1724967356482.jpg","Mariela Baldivieso Castillo","mariela.baldivieso@diputados.bo","Tarija","CC (Comunidad Ciudadana)","Uninominal","Titular","C-41","Comisión de Política Social","Comité de Trabajo y Régimen Laboral","","mariela-baldivieso-castillo","Vocal"
"https://diputados.gob.bo/diputados/marina-morales-cardenas","Marina Morales Cárdenas","https://diputados.gob.bo/wp-content/uploads/2022/01/94-Marina-Morales-Cardenas-POTOSI-2-e1724966433797.jpg","Marina Morales Cárdenas","marina.morales@diputados.bo","Potosí","CC (Comunidad Ciudadana)","Plurinominal","Titular","","Comisión de Gobierno, Defensa y Fuerzas Armadas","Comité de Seguridad Ciudadana","","marina-morales-cardenas","Vocal"
"https://diputados.gob.bo/diputados/marioly-a-daisy-moron-osinaga","Marioly A. Daisy Morón Osinaga","https://diputados.gob.bo/wp-content/uploads/2022/01/76-Marioly-A.-Daisy-Moron-Osinaga-SANTA-CRUZ-1-e1724965405170.jpg","Marioly A. Daisy Morón Osinaga","marioly.moron@diputados.bo","Santa Cruz","CREEMOS","Plurinominal","Titular","","Comisión de Economía Plural, Producción e Industria","Comité de Industria, Comercio, Transporte y Turismo","","marioly-a-daisy-moron-osinaga","Vocal"
"https://diputados.gob.bo/diputados/marlene-fernandez-mejias","Marlene Fernández Mejías","https://diputados.gob.bo/wp-content/uploads/2022/01/03-Marlene-Fernandez-Mejias-CHUQUISACA-1-e1724947285162.jpg","Marlene Fernández Mejías","marlene.fernandez@diputados.bo","Chuquisaca","CC (Comunidad Ciudadana)","Plurinominal","Titular","","Comisión de Educación y Salud","Comité de Salud, Deportes y Recreación","","marlene-fernandez-mejias","Vocal"
"https://diputados.gob.bo/diputados/mayra-ingrid-zalles-trigo","Mayra Ingrid Zalles Trigo","https://diputados.gob.bo/wp-content/uploads/2022/10/58-Mayra-Ingrid-Zalles-Trigo-COCHABAMBA-1-e1724964437527.jpg","Mayra Ingrid Zalles Trigo","mayra.zalles@diputados.bo","Cochabamba","CC (Comunidad Ciudadana)","Uninominal","Titular","C-20","Comisión de Región Amazónica, Tierra, Territorio, Agua, Recursos Naturales y Medio Ambiente","Comité de Recursos Naturales, Hídricos y Agua","","mayra-ingrid-zalles-trigo","Vocal"
"https://diputados.gob.bo/diputados/miguel-antonio-roca-sanchez","Miguel Antonio Roca Sánchez","https://diputados.gob.bo/wp-content/uploads/2022/01/33-Miguel-Antonio-Roca-Sanchez-LA-PAZ-2-e1724960945490.jpg","Miguel Antonio Roca Sánchez","miguel.roca@diputados.bo","La Paz","CC (Comunidad Ciudadana)","Uninominal","Titular","C-7","Comisión de Organización Territorial del Estado y Autonomías","Comité de Autonomías Municipales y Regionales","","miguel-antonio-roca-sanchez","Vocal"
"https://diputados.gob.bo/diputados/miriam-martinez-michaga","Miriam Martínez Michaga","https://diputados.gob.bo/wp-content/uploads/2022/01/104-Miriam-Martinez-Michaga-ORURO-2-e1724967083263.jpg","Miriam Martínez Michaga","miriam.martinez@diputados.bo","Oruro","MAS IPSP (Movimiento Al Socialismo)","Uninominal","Titular","C-29","Comisión de Justicia Plural, Ministerio Público y Defensa Legal del Estado","Comité de Ministerio Público y Defensa Legal del Estado","","miriam-martinez-michaga","Vocal"
"https://diputados.gob.bo/diputados/monica-sofia-torres-campuzano","Mónica Sofía Torres Campuzano","https://diputados.gob.bo/wp-content/uploads/2022/01/98-Monica-Sofia-Torres-Campuzano-POTOSI-2-e1724966679589.jpg","Mónica Sofía Torres Campuzano","monica.torres@diputados.bo","Potosí","CC (Comunidad Ciudadana)","Uninominal","Titular","C-34","Comisión de Política Social","Comité de Hábitat, Vivienda y Servicios Básicos","","monica-sofia-torres-campuzano","Vocal"
"https://diputados.gob.bo/diputados/olivia-guachalla-yupanqui","Olivia Guachalla Yupanqui","https://diputados.gob.bo/wp-content/uploads/2022/01/49-Olivia-Guachalla-Yupanqui-COCHABAMBA-2-e1724963986248.jpg","Olivia Guachalla Yupanqui","olivia.guachalla@diputados.bo","Cochabamba","MAS IPSP (Movimiento Al Socialismo)","Uninominal","Titular","C-22","Comisión de Derechos Humanos","","","olivia-guachalla-yupanqui","Presidenta"
"https://diputados.gob.bo/diputados/omar-al-yabhat-yujra-santos","Omar Al Yabhat Yujra Santos","https://diputados.gob.bo/wp-content/uploads/2022/01/39-Omar-Al-Yabhat-Yujra-Santos-LA-PAZ-2-e1724962269464.jpg","Omar Al Yabhat Yujra Santos","omar.yujra@diputados.bo","La Paz","MAS IPSP (Movimiento Al Socialismo)","Plurinominal","Titular","","Comisión de Planificación, Política Económica y Finanzas","","","omar-al-yabhat-yujra-santos","Presidente"
"https://diputados.gob.bo/diputados/omar-jesus-rueda-gutierrez","Omar Jesús Rueda Gutiérrez","https://diputados.gob.bo/wp-content/uploads/2022/01/84-Omar-Jesus-Rueda-Gutierrez-SANTA-CRUZ-2-e1724965901648.jpg","Omar Jesús Rueda Gutiérrez","omar.rueda@diputados.bo","Santa Cruz","CREEMOS","Uninominal","Titular","C-48","Comisión de Economía Plural, Producción e Industria","Comité de Economía Comunitaria y Social Cooperativa","","omar-jesus-rueda-gutierrez","Secretario"
"https://diputados.gob.bo/diputados/oscar-alberto-balderas-montano","Oscar Alberto Balderas Montaño","https://diputados.gob.bo/wp-content/uploads/2022/01/119-Oscar-Alberto-Balderas-Montano-BENI-2-e1724968044125.jpg","Oscar Alberto Balderas Montaño","oscar.balderas@diputados.bo","Beni","CC (Comunidad Ciudadana)","Plurinominal","Titular","","","Comité de Defensa, FF.AA., Frontera y Defensa Civil","","oscar-alberto-balderas-montano","Secretario"
"https://diputados.gob.bo/diputados/oscar-charles-michel-flores","Oscar Charles Michel Flores","https://diputados.gob.bo/wp-content/uploads/2022/01/73-Oscar-Charles-Michel-Flores-SANTA-CRUZ-2-e1724965238721.jpg","Oscar Charles Michel Flores","oscar.michel@diputados.bo","Santa Cruz","CREEMOS","Uninominal","Titular","C-50","Comisión de Organización Territorial del Estado y Autonomías","Comité de Autonomías Indígena Originaria Campesina","","oscar-charles-michel-flores","Vocal"
"https://diputados.gob.bo/diputados/pamela-soraya-alurralde-barea","Pamela Soraya Alurralde Barea","https://diputados.gob.bo/wp-content/uploads/2022/01/01-Pamela-Soraya-Alurralde-Barea-CHIQUISACA-e1724946668684.jpg","Pamela Soraya Alurralde Barea","pamela.alurralde@diputados.bo","Chuquisaca","CC (Comunidad Ciudadana)","Plurinominal","Titular","","","Comité de Derechos Humanos e Igualdad de Oportunidades","","pamela-soraya-alurralde-barea","Vocal"
"https://diputados.gob.bo/diputados/pasceza-francisca-quispe-mamani","Pasceza Francisca Quispe Mamani","https://diputados.gob.bo/wp-content/uploads/2022/01/32-Pasceza-Francisca-Quispe-Mamani-LA-PAZ-2-e1724960306837.jpg","Pasceza Francisca Quispe Mamani","pasceza.quispe@diputados.bo","La Paz","MAS IPSP (Movimiento Al Socialismo)","Uninominal","Titular","C-19","Comisión de Política Internacional y Protección al Migrante","","","pasceza-francisca-quispe-mamani","Presidenta"
"https://diputados.gob.bo/diputados/pascual-pacifico-choque-gallego","Pascual Pacífico Choque Gallego","https://diputados.gob.bo/wp-content/uploads/2022/01/44-Pascual-Pacifico-Choque-Gallego-COCHABAMBA-2-e1724963741373.jpg","Pascual Pacífico Choque Gallego","pascual.choque@diputados.bo","Cochabamba","MAS IPSP (Movimiento Al Socialismo)","Uninominal","Titular","C-28","Comisión de Política Social","Comité de Trabajo y Régimen Laboral","","pascual-pacifico-choque-gallego","Secretario"
"https://diputados.gob.bo/diputados/patricio-mendoza-chumpe","Patricio Mendoza Chumpe","https://diputados.gob.bo/wp-content/uploads/2022/01/71-Patricio-Mendoza-Chumpe-SANTA-CRUZ-1-e1724965129329.jpg","Patricio Mendoza Chumpe","patricio.mendoza@diputados.bo","Santa Cruz","MAS IPSP (Movimiento Al Socialismo)","Uninominal","Titular","C-49","","Comité de Medio Ambiente, Cambio Climático, Areas Protegidas y Recursos Naturales","","patricio-mendoza-chumpe","Vocal"
"https://diputados.gob.bo/diputados/pedro-francisco-coro","Pedro Francisco Coro","https://diputados.gob.bo/wp-content/uploads/2022/01/92-Pedro-Francisco-Coro-POTOSI-2-e1724966377747.jpg","Pedro Francisco Coro","pedro.coro@diputados.bo","Potosí","MAS IPSP (Movimiento Al Socialismo)","Uninominal","Titular","C-35","Comisión de Política Social","Comité de Seguridad Social y de Protección Social","","pedro-francisco-coro","Vocal"
"https://diputados.gob.bo/diputados/quintin-villazon-garnica","Quintín Villazón Garnica","https://diputados.gob.bo/wp-content/uploads/2022/01/108-Quintin-Villazon-Garnica-ORURO-2-e1724967300867.jpg","Quintín Villazón Garnica","quintin.villazon@diputados.bo","Oruro","MAS IPSP (Movimiento Al Socialismo)","Uninominal","Titular","C-32","Comisión de Naciones y Pueblos Indígena Originario Campesino, Culturas e Interculturalidad","Comité de Hoja de Coca","","quintin-villazon-garnica","Vocal"
"https://diputados.gob.bo/diputados/ramiro-venegas-calderon","Ramiro Venegas Calderón","https://diputados.gob.bo/wp-content/uploads/2022/01/36-Ramiro-Venegas-Calderon-LA-PAZ-2-e1724961997908.jpg","Ramiro Venegas Calderón","ramiro.venegas@diputados.bo","La Paz","MAS IPSP (Movimiento Al Socialismo)","Uninominal","Titular","C-9","Comisión de Política Social","Comité de Hábitat, Vivienda y Servicios Básicos","","ramiro-venegas-calderon","Vocal"
"https://diputados.gob.bo/diputados/ronald-huanca-lopez","Ronald Huanca López","https://diputados.gob.bo/wp-content/uploads/2022/01/102-Ronald-Huanca-Lopez-ORURO-2-e1724966942690.jpg","Ronald Huanca López","ronald.huanca@diputados.bo","Oruro","CC (Comunidad Ciudadana)","Plurinominal","Titular","","Comisión de Economía Plural, Producción e Industria","Comité de Economía Comunitaria y Social Cooperativa","","ronald-huanca-lopez","Vocal"
"https://diputados.gob.bo/diputados/rosa-tatiana-anez-carrasco","Rosa Tatiana Añez Carrasco","https://diputados.gob.bo/wp-content/uploads/2022/01/60-Rosa-Tatiana-Anez-Carrasco-SANTA-CRUZ-2-e1724964490173.jpg","Rosa Tatiana Añez Carrasco","rosa.anez@diputados.bo","Santa Cruz","CREEMOS","Uninominal","Titular","C-47","Comisión de Organización Territorial del Estado y Autonomías","Comité de Autonomías Departamentales","","rosa-tatiana-anez-carrasco","Vocal"
"https://diputados.gob.bo/diputados/rosario-garcia-onofre","Rosario García Onofre","https://diputados.gob.bo/wp-content/uploads/2022/01/04-Rosario-Garcia-Onofre-Primera-Secretaria-e1724947642630.jpg","Rosario García Onofre","rosario.garcia@diputados.bo","Cochabamba","MAS IPSP (Movimiento Al Socialismo)","Uninominal","Titular","C-27","","","Primera Secretaría","rosario-garcia-onofre",""
"https://diputados.gob.bo/diputados/roy-suarez-medina","Roy Suárez Medina","https://diputados.gob.bo/wp-content/uploads/2022/01/130-Roy-Suarez-Medina-PANDO-3-e1724968661984.jpg","Roy Suárez Medina","roy.suarez@diputados.bo","Pando","MAS IPSP (Movimiento Al Socialismo)","Uninominal","Titular","C-63","Comisión de Justicia Plural, Ministerio Público y Defensa Legal del Estado","Comité de Jurisdicción Indígena Originaria Campesina","","roy-suarez-medina","Vocal"
"https://diputados.gob.bo/diputados/runy-elvio-callau-monasterio","Runy Elvio Callau Monasterio","https://diputados.gob.bo/wp-content/uploads/2022/01/63-Runy-Elvio-Callau-Monasterio-SANTA-CRUZ-2-e1724964639797.jpg","Runy Elvio Callau Monasterio","runy.callau@diputados.bo","Santa Cruz","CREEMOS","Uninominal","Titular","C-51","Comisión de Educación y Salud","Comité de Educación","","runy-elvio-callau-monasterio","Vocal"
"https://diputados.gob.bo/diputados/sabina-hilda-condori-calle","Sabina Hilda Condori Calle","https://diputados.gob.bo/wp-content/uploads/2022/01/19-Sabina-Hilda-Condori-Calle-LA-PAZ-2-e1724957058312.jpg","Sabina Hilda Condori Calle","sabina.condori@diputados.bo","La Paz","MAS IPSP (Movimiento Al Socialismo)","Uninominal","Titular","C-12","Comisión de Economía Plural, Producción e Industria","Comité de Minería y Metalurgia","","sabina-hilda-condori-calle","Vocal"
"https://diputados.gob.bo/diputados/samantha-andrea-kersim-nogales-arispe","Samantha Andrea Kersim Nogales Arispe","https://diputados.gob.bo/wp-content/uploads/2022/01/56-Samantha-Nogales-Arispe-COCHABAMBA-e1724964322284.jpg","Samantha Andrea Kersim Nogales Arispe","samantha.nogales@diputados.bo","Cochabamba","CC (Comunidad Ciudadana)","Plurinominal","Titular","","Comisión de Política Internacional y Protección al Migrante","Comité de Relaciones Económicas Internacionales","","samantha-andrea-kersim-nogales-arispe","Secretaria"
"https://diputados.gob.bo/diputados/sandra-paz-mendez","Sandra Paz Méndez","https://diputados.gob.bo/wp-content/uploads/2022/01/80-Sandra-Paz-Mendez-SANTA-CRUZ-1-e1724965676140.jpg","Sandra Paz Méndez","sandra.paz@diputados.bo","Santa Cruz","CREEMOS","Plurinominal","Titular","","Comisión de Justicia Plural, Ministerio Público y Defensa Legal del Estado","Comité de Jurisdicción Ordinaria y Consejo de la Magistratura","","sandra-paz-mendez","Vocal"
"https://diputados.gob.bo/diputados/santos-mamani-espinoza","Santos Mamani Espinoza","https://diputados.gob.bo/wp-content/uploads/2022/01/54-Santos-Mamani-Espinoza-COCHABAMBA-2-e1724964211590.jpg","Santos Mamani Espinoza","santos.mamani@diputados.bo","Cochabamba","MAS IPSP (Movimiento Al Socialismo)","Uninominal","Titular","C-21","Comisión de Política Social","Comité de Seguridad Social y de Protección Social","","santos-mamani-espinoza","Vocal"
"https://diputados.gob.bo/diputados/sarah-vania-crespo-arze","Sarah Vania Crespo Arze","https://diputados.gob.bo/wp-content/uploads/2022/01/120-Sarah-Vania-Crespo-Arze-BENI-2-e1724968109851.jpg","Sarah Vania Crespo Arze","sarah.crespo@diputados.bo","Beni","MAS IPSP (Movimiento Al Socialismo)","Plurinominal","Titular","","Comisión de Justicia Plural, Ministerio Público y Defensa Legal del Estado","Comité de Jurisdicción Ordinaria y Consejo de la Magistratura","","sarah-vania-crespo-arze","Vocal"
"https://diputados.gob.bo/diputados/saul-octavio-lara-torrico","Saúl Octavio Lara Torrico","https://diputados.gob.bo/wp-content/uploads/2022/01/51-Saul-Octavio-Lara-Torrico-COCHABAMBA-2-e1724964099585.jpg","Saúl Octavio Lara Torrico","saul.lara@diputados.bo","Cochabamba","CC (Comunidad Ciudadana)","Plurinominal","Titular","","Comisión de Planificación, Política Económica y Finanzas","Comité de Planificación e Inversión Pública","","saul-octavio-lara-torrico","Vocal"
"https://diputados.gob.bo/diputados/sebastian-divico-muchairo","Sebastián Divico Muchairo","https://diputados.gob.bo/wp-content/uploads/2022/01/126-Sebastian-Divico-Muchairo-PANDO-2-e1724968456614.jpg","Sebastián Divico Muchairo","sebastian.divico@diputados.bo","Pando","CC (Comunidad Ciudadana)","Plurinominal","Titular","","Comisión de Educación y Salud","Comité de Salud, Deportes y Recreación","","sebastian-divico-muchairo","Secretario"
"https://diputados.gob.bo/diputados/senaida-rojas-banegas","Senaida Rojas Banegas","https://diputados.gob.bo/wp-content/uploads/2022/01/82-Senaida-Rojas-Banegas-SANTA-CRUZ-2-e1724965796375.jpg","Senaida Rojas Banegas","senaida.rojas@diputados.bo","Santa Cruz","CC (Comunidad Ciudadana)","Plurinominal","Titular","","Comisión de Política Internacional y Protección al Migrante","Comité de Relaciones Económicas Internacionales","","senaida-rojas-banegas","Vocal"
"https://diputados.gob.bo/diputados/sergio-maniguary-moura","Sergio Maniguary Moura","https://diputados.gob.bo/wp-content/uploads/2022/01/127-Sergio-Maniguary-Moura-PANDO-1-e1724968507876.jpg","Sergio Maniguary Moura","sergio.maniguary@diputados.bo","Pando","CREEMOS","Plurinominal","Titular","","","Comité de Defensa, FF.AA., Frontera y Defensa Civil","","sergio-maniguary-moura",""
"https://diputados.gob.bo/diputados/tacni-elvis-mendoza-mendoza","Tacni Elvis Mendoza Mendoza","https://diputados.gob.bo/wp-content/uploads/2022/01/128-Tacni-Elvis-Mendoza-Mendoza-PANDO-2-e1724968562663.jpg","Tacni Elvis Mendoza Mendoza","tacni.mendoza@diputados.bo","Pando","MAS IPSP (Movimiento Al Socialismo)","Especial","Titular","","Comisión de Naciones y Pueblos Indígena Originario Campesino, Culturas e Interculturalidad","Comité de Naciones y Pueblos Indígena Originario Campesinos","","tacni-elvis-mendoza-mendoza","Secretaria"
"https://diputados.gob.bo/diputados/tania-rosmery-paniagua-mafaile","Tania Rosmery Paniagua Mafaile","https://diputados.gob.bo/wp-content/uploads/2022/01/79-Tania-Rosmery-Paniagua-Mafaile-SANTA-CRUZ-2-e1724965623859.jpg","Tania Rosmery Paniagua Mafaile","tania.paniagua@diputados.bo","Santa Cruz","MAS IPSP (Movimiento Al Socialismo)","Uninominal","Titular","C-53","Comisión de Región Amazónica, Tierra, Territorio, Agua, Recursos Naturales y Medio Ambiente","Comité de Región Amazónica, Tierra y Territorio","","tania-rosmery-paniagua-mafaile","Vocal"
"https://diputados.gob.bo/diputados/tito-caero-vargas","Tito Caero Vargas","https://diputados.gob.bo/wp-content/uploads/2022/01/62-Tito-Caero-Vargas-SANTA-CRUZ-2-e1724964587176.jpg","Tito Caero Vargas","tito.caero@diputados.bo","Santa Cruz","CREEMOS","Plurinominal","Titular","","Comisión de Política Social","","","tito-caero-vargas","Presidente"
"https://diputados.gob.bo/diputados/toribia-lero-quispe","Toribia Lero Quispe","https://diputados.gob.bo/wp-content/uploads/2022/01/52-Toribia-Lero-Quispe-COCHABAMBA-2-e1724964152361.jpg","Toribia Lero Quispe","toribia.lero@diputados.bo","Cochabamba","CC (Comunidad Ciudadana)","Plurinominal","Titular","","Comisión de Organización Territorial del Estado y Autonomías","Comité de Autonomías Indígena Originaria Campesina","","toribia-lero-quispe","Secretaria"
"https://diputados.gob.bo/diputados/veronica-challco-tapia","Verónica Challco Tapia","https://diputados.gob.bo/wp-content/uploads/2022/01/02-Veronica-Challco-Tapia-Primera-Viceprecidencia-e1724947461210.jpg","Verónica Challco Tapia","veronica.challco@diputados.bo","La Paz","MAS IPSP (Movimiento Al Socialismo)","Especial","Titular","","","","Primera Vicepresidencia","veronica-challco-tapia",""
"https://diputados.gob.bo/diputados/vicente-condori-rodriguez","Vicente Condori Rodríguez","https://diputados.gob.bo/wp-content/uploads/2022/01/67-Vicente-Condori-Rodriguez-SANTA-CRUZ-2-e1724964856159.jpg","Vicente Condori Rodríguez","vicente.condori@diputados.bo","Santa Cruz","MAS IPSP (Movimiento Al Socialismo)","Uninominal","Titular","C-56","Comisión de Economía Plural, Producción e Industria","","","vicente-condori-rodriguez","Presidente"
"https://diputados.gob.bo/diputados/walter-pablo-arizaga-ruiz","Walter Pablo Arizaga Ruiz","https://diputados.gob.bo/wp-content/uploads/2022/01/02-Walter-Pablo-Arizaga-Ruiz-CHUQUISACA-1-e1724946801394.jpg","Walter Pablo Arizaga Ruiz","walter.arizaga@diputados.bo","Chuquisaca","CC (Comunidad Ciudadana)","Uninominal","Titular","C-1","Comisión de Constitución, Legislación y Sistema Electoral","Comité de Desarrollo Constitucional y Legislación","","walter-pablo-arizaga-ruiz","Vocal"
"https://diputados.gob.bo/diputados/walter-villagra-romay","Walter Villagra Romay","https://diputados.gob.bo/wp-content/uploads/2022/01/37-Walter-Villagra-Romay-LA-PAZ-1-e1724962074691.jpg","Walter Villagra Romay","walter.villagra@diputados.bo","La Paz","CC (Comunidad Ciudadana)","Plurinominal","Titular","","Comisión de Política Social","Comité de Seguridad Social y de Protección Social","","walter-villagra-romay","Secretario"
"https://diputados.gob.bo/diputados/walthy-mauricio-eguez-paz","Walthy Mauricio Egüez Paz","https://diputados.gob.bo/wp-content/uploads/2022/01/68-Walthy-Mauricio-Eguez-Paz-SANTA-CRUZ-2-e1724964908724.jpg","Walthy Mauricio Egüez Paz","walthy.eguez@diputados.bo","Santa Cruz","CREEMOS","Uninominal","Titular","C-44","Comisión de Política Social","","","walthy-mauricio-eguez-paz","presidencia"
"https://diputados.gob.bo/diputados/zulay-mamani-apaza","Zulay Mamani Apaza","https://diputados.gob.bo/wp-content/uploads/2022/01/25-Zulay-Mamani-Apaza-LA-PAZ-2-e1724959598557.jpg","Zulay Mamani Apaza","zulay.mamani@diputados.bo","La Paz","MAS IPSP (Movimiento Al Socialismo)","Uninominal","Titular","C-15","Comisión de Planificación, Política Económica y Finanzas","Comité de Presupuesto, Política Tributaria y Contraloría","","zulay-mamani-apaza","Vocal"
